{
  "DP": [
    0.19115598188590116,
    0.19115598188590116
  ],
  "EOO": [
    0.022927294110273343,
    0.022927294110273343
  ]
}