{
  "before": {
    "AUC": 0.8875855707613838,
    "DP_gap": 0.19894428152492666,
    "EOO_gap": 0.0520145983022956,
    "DI": 0.66984621374343,
    "pos_rate_A0": 0.6025806451612903,
    "pos_rate_A1": 0.4036363636363636
  },
  "after": {
    "AUC": 0.8739572697842481,
    "DP_gap": 0.07882697947214079,
    "EOO_gap": 0.06864060715666365,
    "DI": 0.8541983076589281,
    "pos_rate_A0": 0.5406451612903226,
    "pos_rate_A1": 0.4618181818181818
  },
  "flagged": [
    "feat_20",
    "feat_17",
    "feat_15",
    "feat_22",
    "feat_10"
  ],
  "pcc": {
    "necessity_A1": 0.1348238482384824,
    "sufficiency_A1": 0.7730352303523035,
    "caused_A1": 0.13075880758807587,
    "n_caused_A1": 193.0,
    "n_adv_rejected": 1476.0
  }
}