{
  "n": 250000,
  "before": {
    "AUC": 0.7625793980993297,
    "DP_gap": 0.00317402263302288,
    "EOO_gap": 0.014156446069930946,
    "DI": 0.6189036478984933,
    "pos_rate_A0": 0.008328661808280612,
    "pos_rate_A1": 0.005154639175257732
  },
  "after": {
    "AUC": 0.7600639011073476,
    "DP_gap": 0.0027740222003824113,
    "EOO_gap": 0.014156446069930946,
    "DI": 0.6587269436830032,
    "pos_rate_A0": 0.008128453591735404,
    "pos_rate_A1": 0.005354431391352993
  },
  "flagged": [
    "num22",
    "num21"
  ],
  "pcc": {
    "necessity_A1": 0.0012852954171185284,
    "sufficiency_A1": 1.0,
    "caused_A1": 0.0012852954171185284,
    "n_caused_A1": 32.0,
    "n_adv_rejected": 24897.0
  }
}