{
  "gender_lr": {
    "AUC": [
      0.8875855707613838,
      0.8739572697842481
    ],
    "DP": [
      0.19894428152492666,
      0.07882697947214079
    ],
    "flagged": [
      20,
      15,
      17,
      22,
      10
    ],
    "in_proxy": 5,
    "n_flag": 5,
    "caused": 0.13075880758807587
  },
  "gender_hgb": {
    "AUC": [
      0.8804347014643579,
      0.8679945951379505
    ],
    "DP": [
      0.19977842945584884,
      0.08967090257412841
    ],
    "flagged": [
      20,
      17,
      15,
      22,
      10,
      14
    ],
    "in_proxy": 6,
    "n_flag": 6,
    "caused": 0.12389979688557888
  },
  "cross_model_jaccard": 0.8333333333333334,
  "ethnicity_lr": {
    "AUC": [
      0.8707558427053698,
      0.8428277874399892
    ],
    "DP": [
      0.23727316940782228,
      0.104590465866292
    ],
    "flagged": [
      4,
      7,
      19,
      15,
      5
    ],
    "in_proxy": 3,
    "caused": 0.12906724511930587
  }
}