{
  "mode": "orthogonalize",
  "seeds": [
    0,
    1,
    2,
    3,
    4
  ],
  "model": "lr",
  "before": {
    "AUC": {
      "mean": 0.9815723850033429,
      "std": 0.0019502268613838245
    },
    "F1": {
      "mean": 0.92329957881928,
      "std": 0.005355690398620939
    },
    "DP_gap": {
      "mean": 0.19258084653851218,
      "std": 0.020262217807330653
    },
    "DI": {
      "mean": 0.6773996545065593,
      "std": 0.02890330304939902
    },
    "EOO_gap": {
      "mean": 0.024453561041169934,
      "std": 0.013603159110220453
    },
    "comprehensiveness": {
      "mean": 17.842088915061527,
      "std": 0.589154546043652
    },
    "suff_ratio": {
      "mean": 0.1095384861245223,
      "std": 0.005643383030171656
    },
    "ECE": {
      "mean": 0.014781257927198536,
      "std": 0.002577467156523745
    },
    "Brier": {
      "mean": 0.05457470625142745,
      "std": 0.0031987615030964083
    }
  },
  "after": {
    "AUC": {
      "mean": 0.9649966654410974,
      "std": 0.0041048840183230415
    },
    "F1": {
      "mean": 0.8897895183914937,
      "std": 0.010373750390645746
    },
    "DP_gap": {
      "mean": 0.015853233911730637,
      "std": 0.007480808812422275
    },
    "DI": {
      "mean": 0.9689533707345582,
      "std": 0.01436865352183925
    },
    "EOO_gap": {
      "mean": 0.1545515576677927,
      "std": 0.017278256346883493
    },
    "comprehensiveness": {
      "mean": 12.848060836643063,
      "std": 0.5237810351264667
    },
    "suff_ratio": {
      "mean": 0.07224799633399878,
      "std": 0.004428094805910897
    },
    "ECE": {
      "mean": 0.018478192260469224,
      "std": 0.0064272194761218595
    },
    "Brier": {
      "mean": 0.07585234720944682,
      "std": 0.005187913654867495
    }
  },
  "localization": {
    "precision_at_k": {
      "mean": 1.0,
      "std": 0.0
    },
    "pls_auc": {
      "mean": 1.0,
      "std": 0.0
    },
    "average_precision": {
      "mean": 1.0,
      "std": 0.0
    },
    "n_true_proxies": {
      "mean": 8.0,
      "std": 0.0
    }
  },
  "decision_stability_mean": 0.9063333333333332,
  "pcc": {
    "flip_rate": {
      "mean": 0.09383333333333334,
      "std": 0.009626352718795769
    },
    "flip_rate_A1": {
      "mean": 0.09371844637297692,
      "std": 0.010526585196858824
    },
    "flip_rate_A0": {
      "mean": 0.0939494400770996,
      "std": 0.0091991462493767
    },
    "gain_rate_A1": {
      "mean": 0.09371844637297692,
      "std": 0.010526585196858824
    },
    "lose_rate_A0": {
      "mean": 0.0939494400770996,
      "std": 0.0091991462493767
    },
    "mean_effect_A1": {
      "mean": -1.652248132116671,
      "std": 0.10564159656137857
    },
    "mean_effect_A0": {
      "mean": 1.6579213202057215,
      "std": 0.0932743649773426
    },
    "effect_group_diff": {
      "mean": -3.310169452322392,
      "std": 0.19810933796213465
    },
    "cluster_delta_prop1": {
      "mean": -3.3356589455366032,
      "std": 0.20189638753974595
    },
    "corollary_abs_error": {
      "mean": 0.025489493214211477,
      "std": 0.013109254954499576
    },
    "necessity_A1": {
      "mean": 0.15703572122327217,
      "std": 0.01669531675666334
    },
    "necessity_A0": {
      "mean": 0.15743257399633218,
      "std": 0.013446494232319592
    },
    "sufficiency_A1": {
      "mean": 1.0,
      "std": 0.0
    },
    "sufficiency_A0": {
      "mean": 1.0,
      "std": 0.0
    },
    "caused_A1": {
      "mean": 0.15703572122327217,
      "std": 0.01669531675666334
    },
    "caused_A0": {
      "mean": 0.15743257399633218,
      "std": 0.013446494232319592
    }
  },
  "pcc_corollary_pairs": [
    [
      -3.3155494240354733,
      -3.2940835924823517
    ],
    [
      -3.187798823749967,
      -3.185419797910291
    ],
    [
      -3.3774525323146385,
      -3.336541947630783
    ],
    [
      -3.1056285288547127,
      -3.07314858889424
    ],
    [
      -3.691865418728228,
      -3.661653334694296
    ]
  ],
  "pcc_n_rescued_seed0": 124,
  "pcc_n_adv_rejected_seed0": 701,
  "mode_comparison": {
    "drop": {
      "AUC": {
        "mean": 0.7774878710456723,
        "std": 0.00596823634269174
      },
      "DP_gap": {
        "mean": 0.02169109802473317,
        "std": 0.01493084138575275
      },
      "DI": {
        "mean": 0.9580479198694098,
        "std": 0.028429317183256555
      },
      "EOO_gap": {
        "mean": 0.07429984221588828,
        "std": 0.015736918088922185
      },
      "n_selected": {
        "mean": 7.0,
        "std": 0.0
      }
    },
    "suppress": {
      "AUC": {
        "mean": 0.7774878710456723,
        "std": 0.00596823634269174
      },
      "DP_gap": {
        "mean": 0.02169109802473317,
        "std": 0.01493084138575275
      },
      "DI": {
        "mean": 0.9580479198694098,
        "std": 0.028429317183256555
      },
      "EOO_gap": {
        "mean": 0.07429984221588828,
        "std": 0.015736918088922185
      },
      "n_selected": {
        "mean": 7.0,
        "std": 0.0
      }
    },
    "orthogonalize": {
      "AUC": {
        "mean": 0.9575731267127034,
        "std": 0.0039154619921003475
      },
      "DP_gap": {
        "mean": 0.01331982648039116,
        "std": 0.011643036046777688
      },
      "DI": {
        "mean": 0.9740005171641591,
        "std": 0.022455638901259057
      },
      "EOO_gap": {
        "mean": 0.16895074383669872,
        "std": 0.01247689432527301
      },
      "n_selected": {
        "mean": 7.0,
        "std": 0.0
      }
    }
  },
  "mode_comparison_before": {
    "AUC": 0.9730509210229344,
    "DP_gap": 0.21000084027836136,
    "localization_ap": 1.0
  },
  "causation_rho": [
    [
      0.3,
      0.08715275292266718,
      0.8542772922351535,
      0.08715275292266718
    ],
    [
      0.5,
      0.12460526911367344,
      0.9567896369243365,
      0.12460526911367344
    ],
    [
      0.7,
      0.1435156862547153,
      0.9968741902810166,
      0.1435156862547153
    ],
    [
      0.85,
      0.15260558475637112,
      1.0,
      0.15260558475637112
    ],
    [
      0.95,
      0.15461568350240365,
      1.0,
      0.15461568350240365
    ]
  ],
  "causation_mix": [
    [
      0,
      0.1372692797396723,
      1.0,
      0.1372692797396723
    ],
    [
      2,
      0.1294416622250836,
      0.8229301900411206,
      0.07651501958694157
    ],
    [
      3,
      0.1173328346940542,
      0.8360393444012679,
      0.07688465228066153
    ]
  ],
  "mediation": {
    "true_proxy_share_interventional": {
      "mean": 0.6301873328927743,
      "std": 0.06365988039984291
    },
    "true_proxy_share_conditional": {
      "mean": 0.3900086106733623,
      "std": 0.07597503456709165
    },
    "spurious_attr_interventional": {
      "mean": 0.3716866148821717,
      "std": 0.1237004479247797
    },
    "spurious_attr_conditional": {
      "mean": 0.5107585013652406,
      "std": 0.13093040737680736
    },
    "NIE_share_interventional": 0.7264950956571493,
    "NIE_share_conditional": 0.3828288641167348
  },
  "localizer_two_regime": {
    "methods": [
      "PLS (ours)",
      "D-only",
      "R-only",
      "Mutual info",
      "Permutation"
    ],
    "regimeA_spurious": {
      "PLS (ours)": [
        1.0,
        0.0
      ],
      "D-only": [
        1.0,
        0.0
      ],
      "R-only": [
        0.9472222222222222,
        0.0
      ],
      "Mutual info": [
        0.9472222222222222,
        0.0
      ],
      "Permutation": [
        0.5923942030192031,
        0.020354830664448535
      ]
    },
    "regimeB_legitdiff": {
      "PLS (ours)": [
        1.0,
        0.0
      ],
      "D-only": [
        0.594047619047619,
        0.0
      ],
      "R-only": [
        1.0,
        0.0
      ],
      "Mutual info": [
        1.0,
        0.0
      ],
      "Permutation": [
        0.5715873015873016,
        0.018971989404387515
      ]
    }
  },